Top queries,Clicks,Impressions,CTR,Position
inboxzap,14,320,4.38%,4.1
inboxzap app,3,96,3.13%,4.8
inboxzap review,1,150,0.67%,8.9
how to reach inbox zero,1,1180,0.08%,41.2
inbox zero method,0,660,0%,44.7
inbox zero app,1,520,0.19%,38.4
bulk delete emails,0,210,0%,51.3
how to bulk delete emails in gmail,0,400,0%,46.8
delete old emails,0,420,0%,49.5
delete all promotional emails,0,340,0%,55.2
mass delete emails gmail,0,330,0%,52.9
how to delete thousands of emails,0,300,0%,57.4
gmail storage full,1,790,0.13%,43.6
free up gmail storage,0,450,0%,47.1
gmail larger than search,0,180,0%,39.8
clear gmail space,0,290,0%,54.3
unsubscribe from newsletters,1,560,0.18%,45.9
how to unsubscribe from emails,0,490,0%,50.6
mass unsubscribe,0,350,0%,56.1
stop spam newsletters,0,260,0%,62.3
email cleanup app,1,440,0.23%,42.8
best email cleaner,0,370,0%,48.2
email cleanup tools,0,390,0%,53.7
clean up inbox,0,370,0%,51.8
inbox cleaner free,0,310,0%,58.6
gmail filters guide,1,340,0.29%,44.1
best gmail filters,0,360,0%,49.9
gmail filter rules,0,280,0%,55.4
automatic email sorting,0,330,0%,47.6
auto sort emails gmail,0,240,0%,53.1
email rules outlook,0,300,0%,59.2
outlook sweep feature,0,270,0%,46.3
clean up outlook inbox,0,350,0%,50.8
outlook focused inbox tips,0,190,0%,61.7
archive vs delete email,0,330,0%,45.4
should i archive or delete emails,0,290,0%,52.4
email overload,0,300,0%,57.9
email anxiety,0,230,0%,64.8
too many emails,0,310,0%,60.5
declutter email inbox,0,250,0%,56.8
